epoch,train_loss,val_loss
0,9.206555956691059,7.543251969309634
1,7.861194321038711,7.348734780860487
2,7.6076869586806986,7.003709159807695
3,7.343832629318557,6.7743993559535856
4,7.226942340362428,7.042540798372611
5,7.296144055006145,6.870827833573474
6,7.127435252090814,7.202742350420782
7,7.091192199148942,6.800757362192516
8,7.039854912598853,6.7544257865751405
